;;;;;;;;;;;;;x,,,,,,,,,,,,,,,,,,,,,,
333270.T;;;;;;;;;;;;;x,,,,,,,,,,,,,,,,,,,,,,
333270.D;;;;;;;;;;;;;x,,,,,,,,,,,,,,,,,,,,,,
333270.A;;;;;;;;;;;;;x,,,,,,,,,,,,,,,,,,,,,,
333271.T;;;;;;;;;;;;;x,,,,,,,,,,,,,,,,,,,,,,
333271.D;;;;;;;;;;;;;x,,,,,,,,,,,,,,,,,,,,,,
333271.A;;;;;;;;;;;;;x,,,,,,,,,,,,,,,,,,,,,,
333272.T;;;;;;;;;;;;;x,,,,,,,,,,,,,,,,,,,,,,
333272.D;;;;;;;;;;;;;x,,,,,,,,,,,,,,,,,,,,,,
333272.A;;;;;;;;;;;;;x,,,,,,,,,,,,,,,,,,,,,,
333273.T;;;;;;;;;;;;;x,,,,,,,,,,,,,,,,,,,,,,
333273.D;;;;;;;;;;;;;x,,,,,,,,,,,,,,,,,,,,,,
333273.A;;;;;;;;;;;;;x,,,,,,,,,,,,,,,,,,,,,,
333273.B;;;;;;;;;;;;;x,,,,,,,,,,,,,,,,,,,,,,
333274.T;;;;;;;;;;;;;x,,,,,,,,,,,,,,,,,,,,,,
333274.D;;;;;;;;;;;;;x,,,,,,,,,,,,,,,,,,,,,,
333274.A;;;;;;;;;;;;;x,,,,,,,,,,,,,,,,,,,,,,
333274.B;;;;;;;;;;;;;x,,,,,,,,,,,,,,,,,,,,,,
333275.T;;;;;;;;;;;;;x,,,,,,,,,,,,,,,,,,,,,,
333275.D;;;;;;;;;;;;;x,,,,,,,,,,,,,,,,,,,,,,
333275.A;;;;;;;;;;;;;x,,,,,,,,,,,,,,,,,,,,,,
333276.T;;;;;;;;;;;;;x,,,,,,,,,,,,,,,,,,,,,,
333276.D;;;;;;;;;;;;;x,,,,,,,,,,,,,,,,,,,,,,
333276.A;;;;;;;;;;;;;x,,,,,,,,,,,,,,,,,,,,,,
333276.B;;;;;;;;;;;;;x,,,,,,,,,,,,,,,,,,,,,,
333277.T;;;;;;;;;;;;;x,,,,,,,,,,,,,,,,,,,,,,
333277.D;;;;;;;;;;;;;x,,,,,,,,,,,,,,,,,,,,,,
333277.A;;;;;;;;;;;;;x,,,,,,,,,,,,,,,,,,,,,,
333278.T;;;;;;;;;;;;;x,,,,,,,,,,,,,,,,,,,,,,
333278.D;;;;;;;;;;;;;x,,,,,,,,,,,,,,,,,,,,,,
333278.A;;;;;;;;;;;;;x,,,,,,,,,,,,,,,,,,,,,,
333279.T;;;;;;;;;;;;;x,,,,,,,,,,,,,,,,,,,,,,
333279.D;;;;;;;;;;;;;x,,,,,,,,,,,,,,,,,,,,,,
333279.A;;;;;;;;;;;;;x,,,,,,,,,,,,,,,,,,,,,,
333279.B;;;;;;;;;;;;;x,,,,,,,,,,,,,,,,,,,,,,
333279.C;;;;;;;;;;;;;x,,,,,,,,,,,,,,,,,,,,,,
333280.T;;;;;;;;;;;;;x,,,,,,,,,,,,,,,,,,,,,,
333280.D;;;;;;;;;;;;;x,,,,,,,,,,,,,,,,,,,,,,
333280.A;;;;;;;;;;;;;x,,,,,,,,,,,,,,,,,,,,,,
333281.T;;;;;;;;;;;;;x,,,,,,,,,,,,,,,,,,,,,,
333281.D;;;;;;;;;;;;;x,,,,,,,,,,,,,,,,,,,,,,
333281.A;;;;;;;;;;;;;x,,,,,,,,,,,,,,,,,,,,,,
333282.T;;;;;;;;;;;;;x,,,,,,,,,,,,,,,,,,,,,,
333282.D;;;;;;;;;;;;;x,,,,,,,,,,,,,,,,,,,,,,
333282.A;;;;;;;;;;;;;x,,,,,,,,,,,,,,,,,,,,,,
333283.T;;;;;;;;;;;;;x,,,,,,,,,,,,,,,,,,,,,,
333283.D;;;;;;;;;;;;;x,,,,,,,,,,,,,,,,,,,,,,
333283.A;;;;;;;;;;;;;x,,,,,,,,,,,,,,,,,,,,,,
333284.T;;;;;;;;;;;;;x,,,,,,,,,,,,,,,,,,,,,,
333284.D;;;;;;;;;;;;;x,,,,,,,,,,,,,,,,,,,,,,
333284.A;;;;;;;;;;;;;x,,,,,,,,,,,,,,,,,,,,,,
333285.T;;;;;;;;;;;;;x,,,,,,,,,,,,,,,,,,,,,,
333285.D;;;;;;;;;;;;;x,,,,,,,,,,,,,,,,,,,,,,
333285.A;;;;;;;;;;;;;x,,,,,,,,,,,,,,,,,,,,,,
333285.B;;;;;;;;;;;;;x,,,,,,,,,,,,,,,,,,,,,,
333286.T;;;;;;;;;;;;;x,,,,,,,,,,,,,,,,,,,,,,
333286.D;;;;;;;;;;;;;x,,,,,,,,,,,,,,,,,,,,,,
333286.A;;;;;;;;;;;;;x,,,,,,,,,,,,,,,,,,,,,,
333286.B;;;;;;;;;;;;;x,,,,,,,,,,,,,,,,,,,,,,
333287.T;;;;;;;;;;;;;x,,,,,,,,,,,,,,,,,,,,,,
333287.D;;;;;;;;;;;;;x,,,,,,,,,,,,,,,,,,,,,,
333287.A;;;;;;;;;;;;;x,,,,,,,,,,,,,,,,,,,,,,
333287.B;;;;;;;;;;;;;x,,,,,,,,,,,,,,,,,,,,,,
333288.T;;;;;;;;;;;;;x,,,,,,,,,,,,,,,,,,,,,,
333288.D;;;;;;;;;;;;;x,,,,,,,,,,,,,,,,,,,,,,
333288.A;;;;;;;;;;;;;x,,,,,,,,,,,,,,,,,,,,,,
333289.T;;;;;;;;;;;;;x,,,,,,,,,,,,,,,,,,,,,,
333289.D;;;;;;;;;;;;;x,,,,,,,,,,,,,,,,,,,,,,
333289.A;;;;;;;;;;;;;x,,,,,,,,,,,,,,,,,,,,,,
333290.T;;;;;;;;;;;;;x,,,,,,,,,,,,,,,,,,,,,,
333290.D;;;;;;;;;;;;;x,,,,,,,,,,,,,,,,,,,,,,
333290.A;;;;;;;;;;;;;x,,,,,,,,,,,,,,,,,,,,,,
333290.B;;;;;;;;;;;;;x,,,,,,,,,,,,,,,,,,,,,,
333291.T;;;;;;;;;;;;;x,,,,,,,,,,,,,,,,,,,,,,
333291.D;;;;;;;;;;;;;x,,,,,,,,,,,,,,,,,,,,,,
333291.A;;;;;;;;;;;;;x,,,,,,,,,,,,,,,,,,,,,,
333292.T;;;;;;;;;;;;;x,,,,,,,,,,,,,,,,,,,,,,
333292.D;;;;;;;;;;;;;x,,,,,,,,,,,,,,,,,,,,,,
333292.A;;;;;;;;;;;;;x,,,,,,,,,,,,,,,,,,,,,,
